date,day_of_week,month,season,rainfall_mm,temperature_c,humidity_percent,moon_phase,intrusion_last_3_days,intrusion_last_7_days,days_since_last_intrusion,grid_id,intrusion_next_day
2025-09-11,3,9,2,14.02,22.6,73.98,0.75,3,6,6,1,1
2025-08-04,0,8,2,12.18,24.47,75.89,0.35,3,7,3,3,1
2025-06-10,1,6,2,11.84,22.64,65.33,0.11,3,4,1,4,1
2025-08-29,4,8,2,11.88,23.55,73.0,0.3,2,6,1,2,1
2025-06-18,2,6,2,12.19,28.39,77.83,0.87,0,5,9,1,0
2025-05-21,2,5,1,1.67,33.09,52.24,0.49,3,7,5,3,0
2025-04-25,4,4,1,1.02,37.44,62.14,0.53,2,4,7,4,0
2025-08-06,2,8,2,14.69,30.81,75.42,0.26,3,7,3,2,1
2025-10-05,6,10,2,12.85,22.92,76.75,0.16,0,2,1,1,1
2025-10-06,0,10,2,11.54,30.18,70.25,0.21,5,6,1,1,1
2025-11-16,6,11,2,12.07,25.42,73.94,0.25,3,4,0,4,1
2025-02-07,4,2,0,4.05,23.77,52.6,0.31,4,5,0,1,0
2025-06-05,3,6,2,12.09,27.14,74.6,0.09,2,9,1,4,1
2025-11-12,2,11,2,10.28,22.62,75.13,0.08,1,8,1,2,1
2025-09-17,2,9,2,10.2,28.1,72.46,0.61,4,8,0,3,1
2025-04-03,3,4,1,-0.54,31.95,67.32,0.37,1,2,0,4,0
2025-08-21,3,8,2,13.16,29.71,75.8,0.38,1,2,0,3,1
2025-06-05,3,6,2,11.33,23.71,77.26,0.57,2,5,1,1,1
2025-09-06,5,9,2,10.91,24.54,82.18,0.13,3,5,1,3,1
2025-06-09,0,6,2,11.39,26.71,70.21,0.38,3,5,2,3,1
2025-08-09,5,8,2,10.5,28.45,70.63,0.92,4,7,2,4,1
2025-07-12,5,7,2,11.14,21.36,78.63,0.39,1,6,2,2,1
2025-09-07,6,9,2,9.58,24.69,73.44,0.36,1,6,0,3,1
2025-09-15,0,9,2,9.92,24.86,71.69,0.19,1,3,2,3,0
2025-08-02,5,8,2,13.03,21.82,73.86,0.48,4,4,0,2,1
2025-08-22,4,8,2,4.67,24.11,67.38,0.3,0,5,4,2,0
2025-09-02,1,9,2,11.55,19.63,69.96,0.61,2,5,2,4,1
2025-07-18,4,7,2,11.36,28.15,76.08,0.54,1,4,8,4,0
2025-03-05,2,3,1,2.2,28.25,67.03,0.04,2,3,4,2,0
2025-05-29,3,5,1,4.25,30.78,62.66,0.94,2,4,9,1,0
2025-01-19,6,1,0,0.34,31.16,68.2,0.18,0,3,7,2,0
2025-09-05,4,9,2,9.79,26.39,80.32,0.36,1,3,8,2,0
2025-08-25,0,8,2,8.85,22.0,71.34,0.77,1,1,8,4,0
2025-07-19,5,7,2,10.63,19.2,67.7,0.54,1,6,0,3,1
2025-08-06,2,8,2,10.96,26.05,65.99,0.59,4,5,1,1,1
2025-01-09,3,1,0,3.72,30.61,59.82,0.52,1,1,6,3,0
2025-06-21,5,6,2,10.42,34.61,83.91,0.83,3,7,2,1,1
2025-09-26,4,9,2,11.45,25.97,85.93,0.71,2,4,1,3,1
2025-11-06,3,11,2,12.51,23.44,69.23,0.34,6,8,3,4,1
2025-11-04,1,11,2,12.61,26.57,79.71,0.63,0,2,7,4,0
2025-07-19,5,7,2,11.25,25.0,79.54,0.36,1,1,7,3,0
2025-08-02,5,8,2,12.27,27.79,74.74,0.31,1,2,0,2,1
2025-12-08,0,12,0,0.61,23.7,52.21,0.69,2,2,0,1,0
2025-08-16,5,8,2,14.92,26.4,69.84,0.87,2,4,7,3,1
2025-09-29,0,9,2,11.5,22.79,67.3,0.62,3,7,2,2,1
2025-11-04,1,11,2,9.01,22.71,71.62,0.92,0,1,0,1,0
2025-12-04,3,12,0,2.52,23.58,63.92,0.74,1,4,1,1,0
2025-07-01,1,7,2,11.74,22.86,66.6,0.95,4,6,2,1,1
2025-07-11,4,7,2,11.16,23.86,78.06,0.97,1,2,9,4,0
2025-06-29,6,6,2,11.16,27.55,66.78,0.64,1,3,4,3,0
2025-04-11,4,4,1,3.7,28.21,65.97,0.25,0,1,2,2,0
2025-11-29,5,11,2,8.69,26.1,74.94,0.53,4,7,0,2,1
2025-04-01,1,4,1,4.54,27.23,56.23,0.41,1,4,1,1,0
2025-12-15,0,12,0,3.55,27.71,63.62,0.25,1,3,0,1,0
2025-12-22,0,12,0,3.4,25.54,49.55,0.91,7,8,1,2,0
2025-10-20,0,10,2,13.82,27.27,86.0,0.54,1,5,2,2,1
2025-03-02,6,3,1,2.67,27.48,58.78,0.46,1,2,0,3,0
2025-09-11,3,9,2,14.81,22.22,71.92,0.2,0,3,4,4,1
2025-01-13,0,1,0,2.68,24.25,59.9,0.01,1,2,4,2,0
2025-12-02,1,12,0,2.62,20.51,56.52,0.71,3,5,0,2,0
2025-09-23,1,9,2,11.84,21.59,74.3,0.65,1,6,3,4,1
2025-07-07,0,7,2,9.16,25.19,71.35,0.84,4,7,0,3,1
2025-02-03,0,2,0,0.5,31.8,62.07,0.62,6,6,2,1,0
2025-08-17,6,8,2,14.01,27.3,82.14,0.66,3,4,1,3,1
2025-05-04,6,5,1,3.47,28.4,67.02,0.4,2,4,5,2,0
2025-09-25,3,9,2,10.6,28.75,67.41,0.28,0,6,0,4,1
2025-10-22,2,10,2,12.22,18.44,83.13,0.73,1,5,1,4,1
2025-10-29,2,10,2,10.82,28.78,72.23,0.06,4,7,2,3,1
2025-11-14,4,11,2,12.9,26.2,74.21,0.44,2,2,0,1,1
2025-06-14,5,6,2,10.93,26.5,76.63,0.25,3,4,0,2,1
2025-09-22,0,9,2,10.74,29.3,74.53,0.85,2,5,1,1,1
2025-11-01,5,11,2,11.56,26.89,73.81,0.7,2,4,1,2,1
2025-05-29,3,5,1,3.71,27.84,61.64,0.47,0,2,0,1,0
2025-06-03,1,6,2,10.49,25.14,80.77,0.95,1,8,1,1,1
2025-10-24,4,10,2,10.39,25.45,79.9,0.17,1,3,4,4,0
2025-04-28,0,4,1,3.16,31.14,66.83,0.78,0,0,7,1,0
2025-03-19,2,3,1,4.66,24.68,67.85,0.15,1,5,4,4,0
2025-01-09,3,1,0,5.56,21.78,59.82,0.65,3,3,7,2,0
2025-05-24,5,5,1,-0.49,29.42,54.22,0.22,2,5,7,4,0
2025-08-24,6,8,2,11.5,25.18,66.39,0.79,2,8,3,1,1
2025-10-06,0,10,2,10.96,29.46,68.29,0.99,1,8,1,1,1
2025-07-22,1,7,2,12.92,24.45,74.01,0.81,0,3,1,1,1
2025-10-04,5,10,2,13.72,24.69,73.17,0.66,2,4,4,4,1
2025-10-30,3,10,2,10.53,20.57,81.66,0.4,1,3,1,4,0
2025-02-11,1,2,0,4.24,29.12,52.98,0.92,0,1,2,4,0
2025-08-06,2,8,2,11.21,26.33,77.67,0.65,4,8,0,4,1
2025-01-13,0,1,0,0.81,28.74,56.67,0.22,2,3,6,2,0
2025-08-25,0,8,2,12.64,23.24,79.09,0.39,2,7,3,2,1
2025-02-04,1,2,0,0.36,26.16,52.19,0.79,0,1,5,1,0
2025-09-26,4,9,2,14.04,31.58,63.63,0.45,0,5,2,4,1
2025-01-24,4,1,0,2.51,24.17,55.93,0.49,1,3,1,1,0
2025-04-07,0,4,1,3.73,28.66,58.61,0.41,1,4,0,3,0
2025-02-02,6,2,0,6.09,22.31,60.06,0.99,1,2,8,4,0
2025-08-01,4,8,2,8.31,26.06,78.84,0.11,6,8,0,4,1
2025-08-21,3,8,2,9.17,25.01,83.05,0.56,1,3,1,3,0
2025-09-09,1,9,2,8.0,26.93,78.23,0.26,3,5,4,4,0
2025-07-25,4,7,2,11.99,28.33,79.29,0.01,2,4,1,2,1
2025-06-13,4,6,2,11.22,28.62,78.07,0.86,3,6,0,3,1
2025-03-18,1,3,1,3.48,29.67,61.67,0.33,1,3,3,4,0
2025-08-11,0,8,2,7.54,33.32,78.05,0.57,1,1,8,1,0
2025-11-09,6,11,2,11.34,25.12,72.65,0.58,0,0,3,2,0
2025-07-22,1,7,2,11.27,27.0,78.38,0.24,1,3,9,4,0
2025-04-16,2,4,1,2.33,33.44,65.81,0.64,2,5,9,3,0
2025-05-20,1,5,1,3.48,30.14,59.69,0.33,3,7,1,1,0
2025-08-09,5,8,2,9.71,26.32,72.13,0.18,1,5,3,4,0
2025-05-21,2,5,1,0.88,32.04,56.77,0.99,2,4,2,2,0
2025-07-20,6,7,2,13.53,24.26,76.51,0.17,2,5,1,1,1
2025-10-23,3,10,2,11.04,22.19,63.5,0.48,2,6,0,3,1
2025-09-09,1,9,2,13.04,27.14,79.9,0.9,4,5,5,1,0
2025-12-17,2,12,0,3.15,27.5,64.16,0.05,2,4,5,4,0
2025-06-27,4,6,2,8.25,26.22,80.26,0.4,1,2,5,4,0
2025-06-06,4,6,2,11.76,25.98,79.07,0.87,2,5,8,2,0
2025-07-28,0,7,2,12.48,25.56,81.09,0.01,5,7,4,4,1
2025-07-02,2,7,2,15.17,29.69,76.73,0.3,3,5,2,4,1
2025-11-03,0,11,2,14.48,25.6,66.18,0.22,2,3,9,1,0
2025-01-02,3,1,0,4.53,27.86,60.35,0.26,2,4,1,1,0
2025-09-13,5,9,2,10.07,23.96,72.44,0.08,1,5,2,1,0
2025-04-12,5,4,1,1.61,29.35,56.69,0.67,3,4,0,3,0
2025-08-12,1,8,2,12.49,19.48,74.56,0.76,2,4,1,3,1
2025-05-16,4,5,1,0.68,24.83,61.57,0.61,1,3,5,2,0
2025-10-31,4,10,2,15.52,25.19,71.64,0.23,3,8,6,3,1
2025-07-26,5,7,2,8.49,24.68,82.3,0.94,2,4,5,4,0
2025-11-27,3,11,2,14.21,29.49,94.71,0.61,0,3,4,2,1
2025-05-21,2,5,1,2.67,35.58,64.91,0.46,1,2,2,2,0
2025-07-02,2,7,2,13.45,25.77,76.61,0.14,1,4,4,3,1
2025-02-07,4,2,0,-0.13,23.31,57.57,0.41,2,4,6,3,0
2025-06-28,5,6,2,9.55,25.92,81.04,0.82,4,8,0,2,1
2025-08-11,0,8,2,11.78,28.87,86.62,0.97,1,5,7,2,0
2025-05-26,0,5,1,3.97,33.22,55.6,0.65,3,6,4,3,0
2025-10-04,5,10,2,15.16,27.28,70.5,0.49,1,8,4,3,1
2025-08-01,4,8,2,13.64,24.21,71.57,0.56,2,6,3,3,1
2025-04-05,5,4,1,3.37,36.33,57.47,0.59,2,7,7,3,0
2025-11-02,6,11,2,13.0,21.62,61.48,0.58,2,3,4,4,0
2025-11-05,2,11,2,13.83,30.3,76.46,0.87,0,2,0,4,1
2025-11-02,6,11,2,8.86,25.37,85.55,0.01,3,8,0,3,1
2025-04-19,5,4,1,3.94,31.82,69.26,0.68,4,6,4,1,0
2025-11-21,4,11,2,12.4,25.21,72.1,0.36,2,5,3,3,1
2025-08-16,5,8,2,7.38,25.21,69.02,0.04,1,5,8,3,0
2025-04-19,5,4,1,4.38,30.45,62.07,0.65,0,3,4,2,0
2025-08-29,4,8,2,9.13,20.85,76.5,0.62,5,7,0,2,1
2025-06-26,3,6,2,10.62,31.44,75.33,0.75,0,0,1,1,0
2025-09-20,5,9,2,11.09,26.67,80.0,0.56,2,8,0,1,1
2025-12-02,1,12,0,0.97,29.23,59.57,0.23,1,2,7,4,0
2025-07-01,1,7,2,15.42,29.6,76.0,0.68,3,5,7,2,1
2025-11-12,2,11,2,11.6,28.0,83.74,0.12,0,4,0,1,1
2025-01-19,6,1,0,0.44,26.11,58.76,0.64,1,1,9,1,0
2025-06-07,5,6,2,12.17,25.2,78.18,0.87,3,6,1,2,1
2025-09-20,5,9,2,12.87,30.22,73.54,0.74,3,5,5,2,1
2025-11-24,0,11,2,9.88,27.34,76.0,0.16,3,7,1,1,1
2025-08-31,6,8,2,9.5,28.02,75.28,0.41,8,9,1,2,1
2025-11-14,4,11,2,14.09,21.64,70.17,0.16,2,3,3,3,1
2025-09-01,0,9,2,12.08,22.52,78.03,0.8,1,3,0,3,1
2025-11-29,5,11,2,13.08,24.72,78.39,0.87,1,3,2,2,1
2025-08-14,3,8,2,11.55,21.99,75.51,0.93,3,6,3,1,1
2025-07-13,6,7,2,11.97,27.06,64.07,0.84,5,7,4,1,1
2025-11-05,2,11,2,16.29,31.34,72.25,0.21,1,2,0,4,1
2025-09-19,4,9,2,13.54,18.88,89.95,0.84,0,3,2,3,1
2025-09-05,4,9,2,9.69,27.68,85.51,0.12,4,6,4,4,0
2025-05-30,4,5,1,1.96,34.38,58.05,0.82,1,4,1,1,0
2025-09-24,2,9,2,15.69,24.99,70.43,0.61,0,3,4,4,1
2025-07-29,1,7,2,5.93,24.88,72.8,0.91,1,3,9,2,0
2025-09-19,4,9,2,11.1,26.19,81.73,0.85,1,4,4,4,0
2025-10-28,1,10,2,11.52,25.98,76.77,0.51,0,7,2,4,1
2025-10-22,2,10,2,10.69,21.28,75.32,0.4,3,7,2,4,1
2025-07-01,1,7,2,12.25,21.51,72.94,0.04,5,7,2,4,1
2025-08-12,1,8,2,12.92,23.9,70.37,0.75,1,5,1,3,1
2025-09-13,5,9,2,12.1,27.71,71.6,0.54,6,7,9,3,0
2025-08-20,2,8,2,11.75,35.76,68.78,0.56,3,6,3,3,1
2025-05-25,6,5,1,3.48,27.65,71.11,0.17,2,2,4,4,0
2025-10-20,0,10,2,10.79,23.2,77.49,0.75,1,1,1,4,0
2025-07-01,1,7,2,12.37,27.1,78.45,0.42,2,7,3,1,1
2025-06-27,4,6,2,12.63,22.83,71.76,0.13,1,5,1,3,1
2025-02-12,2,2,0,4.46,26.72,60.2,0.79,1,2,3,1,0
2025-06-25,2,6,2,12.01,28.73,72.53,0.21,0,2,0,3,1
2025-08-19,1,8,2,10.41,29.21,78.92,0.79,1,4,0,2,1
2025-10-26,6,10,2,10.27,26.27,74.3,0.45,2,2,6,1,0
2025-06-26,3,6,2,9.57,26.17,71.64,0.34,4,7,9,1,0
2025-09-29,0,9,2,13.61,26.89,72.64,0.23,3,6,2,2,1
2025-07-23,2,7,2,10.6,20.89,63.62,0.86,1,2,3,2,0
2025-08-18,0,8,2,12.06,24.84,75.34,0.69,2,3,1,2,1
2025-08-17,6,8,2,11.64,29.84,73.34,0.65,3,6,0,2,1
2025-07-02,2,7,2,12.67,26.92,72.47,0.26,5,7,3,3,1
2025-09-29,0,9,2,11.64,28.64,80.36,0.37,3,9,1,2,1
2025-04-23,2,4,1,1.36,26.14,55.5,0.56,0,4,5,4,0
2025-06-26,3,6,2,10.23,27.24,71.92,0.88,1,4,0,2,1
2025-09-21,6,9,2,10.84,28.89,76.25,0.08,4,8,1,2,1
2025-09-10,2,9,2,10.5,18.67,69.92,0.89,1,5,0,2,1
2025-06-11,2,6,2,11.48,24.09,76.08,0.91,2,4,9,4,0
2025-07-06,6,7,2,12.23,27.28,72.7,0.31,3,3,1,3,1
2025-07-17,3,7,2,11.09,23.3,71.93,0.38,3,9,5,2,1
2025-11-23,6,11,2,9.6,25.39,78.35,0.45,1,6,8,3,0
2025-10-12,6,10,2,11.99,27.01,67.26,0.71,1,5,2,4,1
2025-11-18,1,11,2,11.25,28.6,83.04,0.62,2,4,0,1,1
2025-03-25,1,3,1,3.64,34.96,60.7,0.53,0,2,8,2,0
2025-07-26,5,7,2,11.49,23.34,71.72,0.88,2,6,2,4,1
2025-09-02,1,9,2,11.44,24.04,74.33,0.02,2,4,1,4,1
2025-05-26,0,5,1,4.91,32.35,64.3,0.83,3,6,4,1,0
2025-01-27,0,1,0,0.6,29.6,60.75,0.25,0,2,7,1,0
2025-05-26,0,5,1,5.29,30.86,64.9,0.83,3,8,3,2,0
2025-07-17,3,7,2,10.51,25.24,77.4,0.79,3,5,1,2,1
2025-08-10,6,8,2,12.53,23.36,75.52,0.19,2,6,2,1,1
2025-01-16,3,1,0,-1.6,25.54,59.76,0.02,2,5,3,2,0
2025-10-08,2,10,2,14.2,22.23,66.61,0.93,1,4,1,4,1
2025-12-12,4,12,0,4.5,29.87,61.69,0.89,3,5,1,4,0
2025-09-13,5,9,2,15.27,31.66,70.31,0.3,3,5,7,4,1
2025-03-17,0,3,1,4.55,29.25,61.15,0.97,2,7,5,1,0
2025-03-13,3,3,1,9.83,31.91,57.53,0.78,3,7,1,4,1
2025-08-02,5,8,2,9.95,26.04,73.34,0.43,6,10,2,2,1
2025-01-30,3,1,0,5.33,27.57,55.61,0.22,0,1,2,2,0
2025-09-29,0,9,2,10.0,24.81,77.95,0.23,1,4,3,1,0
2025-04-10,3,4,1,0.3,30.76,62.14,0.21,1,3,9,2,0
2025-11-16,6,11,2,14.14,25.94,85.5,0.47,1,3,0,4,1
2025-08-03,6,8,2,16.28,23.86,73.25,0.46,4,7,2,1,1
2025-08-26,1,8,2,10.72,23.64,75.12,0.09,1,5,1,2,1
2025-12-12,4,12,0,3.56,22.47,58.65,0.89,0,3,7,2,0
2025-10-08,2,10,2,12.46,27.59,86.27,0.8,2,4,3,4,1
2025-08-10,6,8,2,13.25,29.82,70.06,0.7,4,6,5,3,1
2025-06-30,0,6,2,13.73,26.53,70.03,0.95,4,9,4,1,1
2025-05-18,6,5,1,4.78,27.12,64.03,0.18,2,2,1,3,0
2025-01-17,4,1,0,3.51,27.32,65.89,0.94,1,4,9,1,0
2025-09-01,0,9,2,10.67,27.22,71.57,0.88,3,5,1,1,1
2025-08-22,4,8,2,10.72,21.92,74.74,0.44,2,4,0,1,1
2025-07-11,4,7,2,12.32,32.01,76.11,0.09,4,6,2,3,1
2025-09-20,5,9,2,13.47,21.81,67.81,0.8,1,2,1,4,1
2025-07-08,1,7,2,11.03,22.87,69.12,0.87,4,7,3,2,1
2025-10-18,5,10,2,10.82,27.36,68.0,0.62,3,6,0,4,1
2025-07-05,5,7,2,13.99,24.57,80.55,0.19,1,4,2,2,1
2025-09-17,2,9,2,14.1,22.57,81.26,0.9,1,5,4,1,1
2025-12-09,1,12,0,5.87,21.38,70.83,0.04,0,5,4,2,0
2025-03-03,0,3,1,0.53,35.56,66.88,0.55,2,5,5,1,0
2025-04-16,2,4,1,2.78,29.91,59.5,0.04,0,2,9,2,0
2025-06-11,2,6,2,11.69,26.86,80.51,0.52,4,7,0,3,1
2025-09-10,2,9,2,11.63,29.37,71.99,0.51,0,0,0,1,0
2025-05-03,5,5,1,1.06,27.53,66.67,0.06,0,0,1,4,0
2025-01-12,6,1,0,-1.6,18.27,59.5,0.89,3,6,1,1,0
2025-10-30,3,10,2,10.12,25.87,73.06,0.99,2,4,5,1,0
2025-09-17,2,9,2,9.74,26.91,78.51,0.67,4,7,3,3,0
2025-02-19,2,2,0,0.9,27.13,58.11,0.55,2,5,0,4,0
2025-03-21,4,3,1,-0.69,36.83,51.85,0.86,1,2,6,3,0
2025-01-01,2,1,0,3.7,26.82,62.07,0.27,2,5,0,2,0
2025-05-18,6,5,1,4.42,29.54,68.81,0.48,2,3,9,3,0
2025-03-02,6,3,1,2.17,29.37,60.35,0.58,0,4,2,4,0
2025-08-18,0,8,2,7.97,31.63,69.66,0.74,4,4,0,1,0
2025-08-05,1,8,2,15.83,26.36,70.98,0.01,1,2,0,1,1
2025-10-01,2,10,2,12.3,27.08,71.02,0.8,2,4,0,4,1
2025-09-17,2,9,2,9.84,27.65,72.09,0.91,5,7,0,3,1
2025-07-14,0,7,2,12.49,26.23,66.15,0.18,4,4,9,3,0
2025-12-18,3,12,0,5.84,26.05,57.68,0.85,2,4,6,2,0
2025-03-16,6,3,1,4.43,29.3,63.54,0.61,3,7,7,3,0
2025-10-21,1,10,2,6.14,23.27,68.74,0.03,0,2,6,1,0
2025-08-13,2,8,2,13.96,23.63,74.69,0.46,1,3,3,1,1
2025-11-25,1,11,2,9.68,23.83,82.57,0.22,3,5,1,4,0
2025-11-14,4,11,2,11.45,28.49,73.22,0.65,3,6,1,4,1
2025-10-27,0,10,2,12.74,23.08,67.4,0.02,2,5,4,1,1
2025-08-16,5,8,2,14.46,32.1,75.43,0.24,2,4,1,3,1
2025-10-30,3,10,2,5.55,27.46,71.16,0.53,1,3,4,2,0
2025-05-15,3,5,1,2.04,33.24,49.2,0.29,2,2,3,4,0
2025-08-18,0,8,2,11.36,31.1,72.97,0.23,2,6,9,1,0
2025-08-22,4,8,2,12.94,26.87,73.82,0.04,1,4,3,4,1
2025-11-10,0,11,2,11.29,27.81,80.21,0.01,2,6,4,2,0
2025-06-16,0,6,2,13.34,28.49,72.86,0.9,2,4,1,3,1
2025-01-02,3,1,0,5.39,29.36,59.85,0.8,3,4,2,3,0
2025-09-07,6,9,2,12.96,28.34,62.95,0.6,0,4,0,1,1
2025-03-28,4,3,1,0.22,27.9,66.6,0.73,2,4,0,3,0
2025-10-25,5,10,2,8.38,31.67,72.95,0.1,6,9,0,4,1
2025-02-18,1,2,0,1.99,27.33,57.68,0.91,0,4,5,3,0
2025-11-14,4,11,2,14.95,28.58,79.8,0.22,4,6,8,1,1
2025-07-16,2,7,2,9.64,25.69,74.85,0.75,3,5,7,3,0
2025-02-22,5,2,0,2.45,29.54,70.58,0.67,1,2,4,4,0
2025-08-12,1,8,2,10.9,22.37,72.5,0.35,1,4,0,2,1
2025-10-10,4,10,2,9.54,25.52,71.0,0.63,1,3,1,3,0
2025-09-19,4,9,2,10.79,28.63,68.69,0.36,2,6,2,3,1
2025-07-03,3,7,2,11.45,25.57,72.83,0.56,2,5,1,4,1
2025-06-13,4,6,2,14.12,28.2,68.81,0.81,2,3,0,4,1
2025-01-12,6,1,0,2.1,26.93,63.4,0.5,4,5,5,2,0
2025-10-25,5,10,2,8.86,26.28,60.19,0.7,2,6,0,3,1
2025-12-10,2,12,0,7.04,20.38,60.57,0.63,3,3,6,1,0
2025-07-12,5,7,2,12.22,25.32,67.95,0.37,0,5,3,2,1
2025-11-21,4,11,2,15.48,23.72,71.29,0.82,0,4,1,4,1
2025-07-25,4,7,2,10.63,25.89,75.82,0.21,2,6,1,3,1
2025-08-29,4,8,2,13.03,23.41,73.83,0.73,1,1,0,4,1
2025-04-09,2,4,1,5.2,26.4,53.48,0.45,2,2,9,1,0
2025-01-08,2,1,0,1.2,25.21,58.5,0.8,1,1,9,4,0
2025-08-01,4,8,2,5.79,25.35,78.55,0.59,3,6,0,2,0
2025-09-03,2,9,2,4.62,27.13,70.07,0.35,0,1,2,2,0
2025-05-26,0,5,1,5.98,32.4,56.02,0.15,1,4,8,3,0
2025-12-22,0,12,0,4.07,27.93,51.53,0.26,0,2,7,1,0
2025-06-22,6,6,2,10.05,22.28,68.18,0.92,5,8,1,2,1
2025-02-17,0,2,0,0.92,29.68,57.27,0.2,1,3,0,2,0
2025-07-22,1,7,2,15.24,26.16,74.01,0.58,3,4,1,3,1
2025-04-20,6,4,1,5.85,33.56,64.28,0.66,2,3,9,4,0
2025-06-20,4,6,2,10.03,25.62,69.96,0.58,3,7,1,3,1
2025-06-04,2,6,2,12.95,29.25,83.87,0.14,0,2,1,3,1
2025-02-04,1,2,0,2.05,18.12,51.82,0.13,3,4,4,1,0
2025-03-16,6,3,1,1.63,27.83,60.63,0.58,0,0,2,3,0
2025-12-21,6,12,0,4.07,27.72,57.49,0.02,2,3,9,1,0
2025-05-03,5,5,1,0.52,37.18,59.38,0.07,2,4,2,2,0
2025-07-31,3,7,2,10.87,23.75,73.25,0.18,1,1,0,2,0
2025-06-08,6,6,2,7.34,26.83,74.6,0.75,1,2,4,3,0
2025-05-21,2,5,1,2.78,30.5,55.41,0.53,1,4,5,3,0
2025-08-26,1,8,2,10.9,23.97,74.28,0.35,0,2,2,1,0
2025-06-03,1,6,2,10.51,27.75,74.36,0.24,4,7,9,2,0
2025-03-11,1,3,1,0.98,30.71,63.85,0.12,2,3,0,4,0
2025-08-05,1,8,2,13.58,24.47,79.89,0.33,2,7,4,1,1
2025-11-21,4,11,2,12.11,20.47,76.24,0.95,2,7,2,2,1
2025-03-11,1,3,1,4.16,33.51,63.16,0.33,0,1,9,4,0
2025-10-09,3,10,2,12.57,26.62,62.71,0.11,2,3,6,1,0
2025-04-14,0,4,1,0.5,27.76,51.08,0.49,2,3,6,3,0
2025-09-13,5,9,2,8.2,26.39,77.03,0.16,2,4,3,2,0
2025-04-11,4,4,1,1.98,22.55,64.6,0.98,2,4,7,4,0
2025-07-31,3,7,2,12.68,30.28,85.28,0.46,1,3,1,1,1
2025-11-28,4,11,2,9.02,28.49,80.67,0.03,3,4,7,3,0
2025-09-21,6,9,2,12.16,23.93,73.81,0.18,1,4,4,1,0
2025-07-26,5,7,2,12.83,25.21,70.47,0.04,5,6,1,4,1
2025-08-10,6,8,2,12.27,31.34,78.3,0.33,2,4,2,3,1
2025-10-24,4,10,2,9.81,27.05,74.72,0.54,4,7,1,2,1
2025-10-17,4,10,2,14.42,27.89,77.95,0.76,2,2,1,2,1
2025-06-29,6,6,2,11.99,22.07,69.66,0.86,4,7,0,2,1
2025-06-20,4,6,2,14.31,24.42,72.71,0.34,4,4,2,1,1
2025-08-12,1,8,2,12.45,24.14,78.55,0.49,4,8,4,3,1
2025-02-04,1,2,0,1.32,24.94,59.58,0.93,7,9,3,1,0
2025-09-07,6,9,2,11.58,26.27,72.56,0.13,2,4,0,1,1
2025-09-18,3,9,2,12.97,25.34,76.53,0.84,2,3,9,4,0
2025-01-15,2,1,0,-0.01,22.99,54.09,0.58,0,1,1,3,0
2025-10-01,2,10,2,10.55,26.58,70.44,0.95,3,5,0,1,1
2025-06-01,6,6,2,8.66,23.2,78.55,0.18,2,3,9,4,0
2025-03-20,3,3,1,5.45,29.84,66.94,0.49,2,6,6,4,0
2025-10-07,1,10,2,10.71,23.81,75.51,0.26,3,7,1,1,1
2025-08-14,3,8,2,9.32,24.99,74.02,0.2,0,3,9,1,0
2025-01-18,5,1,0,1.68,29.44,64.36,0.4,2,7,5,4,0
2025-10-11,5,10,2,16.37,26.63,73.35,0.19,2,4,2,2,1
2025-07-08,1,7,2,9.39,24.98,76.17,0.78,0,1,6,4,0
2025-07-10,3,7,2,9.0,27.41,79.69,0.47,2,7,0,3,1
2025-06-10,1,6,2,11.71,28.03,78.03,0.37,2,4,6,2,0
2025-06-02,0,6,2,10.58,29.25,71.57,0.87,0,5,0,1,1
2025-08-09,5,8,2,8.56,26.16,78.87,0.88,1,3,8,3,0
2025-08-24,6,8,2,11.26,24.51,76.31,0.97,3,5,0,3,1
2025-07-23,2,7,2,9.15,26.82,74.56,0.69,3,10,2,1,1
2025-08-14,3,8,2,11.84,28.09,62.91,0.12,5,8,5,2,1
2025-07-11,4,7,2,8.43,23.53,77.88,0.09,3,6,0,1,0
2025-10-23,3,10,2,9.99,22.75,79.17,0.75,4,7,2,2,1
2025-07-16,2,7,2,12.92,26.02,69.71,0.69,2,2,1,4,1
2025-06-04,2,6,2,12.57,29.98,77.91,0.89,2,5,2,4,1
2025-09-14,6,9,2,15.66,23.36,73.38,0.32,1,6,1,3,1
2025-09-21,6,9,2,11.09,29.16,76.73,0.48,3,5,0,4,1
2025-08-16,5,8,2,11.38,23.95,73.63,0.08,5,9,1,1,1
2025-10-20,0,10,2,8.98,23.76,80.85,0.32,3,6,9,1,0
2025-01-15,2,1,0,4.71,25.75,67.85,0.76,0,3,8,3,0
2025-09-18,3,9,2,10.33,21.48,77.98,0.71,2,6,0,3,1
2025-09-24,2,9,2,11.07,26.21,80.54,0.98,3,6,1,1,1
2025-11-11,1,11,2,11.24,29.99,76.93,0.56,3,7,3,3,1
2025-11-11,1,11,2,15.15,26.52,79.17,0.12,2,5,0,1,1
2025-06-30,0,6,2,11.9,28.05,61.13,0.15,1,1,3,3,0
2025-04-19,5,4,1,3.91,20.87,65.11,0.81,0,1,9,2,0
2025-04-22,1,4,1,0.24,29.3,61.23,0.89,2,3,1,3,0
2025-11-12,2,11,2,11.2,27.37,77.49,0.72,3,4,1,1,1
2025-11-25,1,11,2,10.75,23.87,77.17,0.9,4,9,5,1,1
2025-01-14,1,1,0,3.99,22.81,57.68,0.58,2,5,3,2,0
2025-05-01,3,5,1,4.43,28.43,66.72,0.48,1,2,5,4,0
2025-07-17,3,7,2,12.34,30.45,78.98,0.31,1,6,3,4,1
2025-01-23,3,1,0,-0.22,22.24,55.29,0.09,2,6,3,3,0
2025-04-15,1,4,1,-0.09,27.61,59.03,0.5,2,2,2,4,0
2025-06-10,1,6,2,14.15,27.27,61.13,0.14,1,2,0,2,1
2025-09-16,1,9,2,9.49,23.75,79.48,0.74,2,5,3,2,0
2025-09-01,0,9,2,11.96,24.18,66.09,0.95,3,5,2,4,1
2025-11-17,0,11,2,13.39,24.85,68.29,0.54,2,3,0,4,1
2025-06-15,6,6,2,11.77,23.28,69.69,0.18,1,1,1,4,0
2025-10-13,0,10,2,15.05,27.65,76.7,0.2,3,3,3,1,1
2025-10-05,6,10,2,11.01,25.43,74.61,0.65,3,4,0,3,1
2025-05-08,3,5,1,-1.42,37.38,59.68,0.19,0,1,0,2,0
2025-10-22,2,10,2,11.02,27.15,70.04,0.77,0,4,1,1,1
2025-03-17,0,3,1,4.46,32.35,53.47,0.74,1,5,8,3,0
2025-07-02,2,7,2,10.69,30.05,64.68,0.42,5,7,3,1,1
2025-07-16,2,7,2,13.71,28.83,73.96,0.84,2,3,3,2,1
2025-10-29,2,10,2,11.4,23.49,76.54,0.22,3,4,3,4,0
2025-07-21,0,7,2,13.96,27.25,78.96,0.85,0,3,4,4,1
2025-07-20,6,7,2,11.46,33.24,77.84,0.71,3,8,4,2,1
2025-10-17,4,10,2,9.8,31.34,78.0,0.12,2,6,0,1,1
2025-10-24,4,10,2,14.67,22.29,73.06,0.62,2,6,8,2,1
2025-07-16,2,7,2,12.63,26.14,68.61,0.49,3,3,7,1,0
2025-12-17,2,12,0,6.73,28.95,60.63,0.1,1,2,0,1,0
2025-08-02,5,8,2,11.76,25.33,90.52,0.96,1,4,1,4,1
2025-04-22,1,4,1,1.26,36.35,58.13,0.49,1,2,6,2,0
2025-06-15,6,6,2,13.23,25.26,72.62,0.89,1,3,1,1,1
2025-10-21,1,10,2,10.12,24.19,73.28,0.61,3,4,1,2,0
2025-08-15,4,8,2,10.37,26.2,79.84,0.76,3,7,3,4,1
2025-05-14,2,5,1,2.19,29.18,60.7,0.06,0,2,5,2,0
2025-05-18,6,5,1,5.32,32.71,56.48,0.72,1,2,6,1,0
2025-09-08,0,9,2,11.33,24.74,72.88,0.92,1,3,1,3,0
2025-11-02,6,11,2,13.09,21.73,72.94,0.0,1,1,0,4,1
2025-08-07,3,8,2,10.88,25.88,73.83,0.51,1,1,5,4,0
2025-10-15,2,10,2,13.41,22.57,73.23,0.71,0,2,0,3,1
2025-08-31,6,8,2,13.92,28.55,76.7,0.63,3,4,0,2,1
2025-11-13,3,11,2,9.89,27.43,68.39,0.5,3,6,0,1,1
2025-10-05,6,10,2,14.82,22.75,71.43,0.74,0,4,1,3,1
2025-12-20,5,12,0,2.53,31.9,55.9,0.51,2,2,1,3,0
2025-11-18,1,11,2,12.87,27.95,78.63,0.74,1,4,2,4,1
2025-08-16,5,8,2,7.95,26.64,71.92,0.12,0,4,5,1,0
2025-01-17,4,1,0,-0.17,21.55,54.7,0.75,0,2,0,4,0
2025-06-28,5,6,2,13.09,29.05,81.01,0.73,3,7,7,1,1
2025-01-22,2,1,0,2.89,27.59,63.96,0.52,5,9,0,4,0
2025-09-10,2,9,2,12.58,25.18,72.16,0.65,5,8,3,2,1
2025-11-05,2,11,2,9.38,25.81,78.82,0.51,3,7,0,2,1
2025-07-22,1,7,2,13.77,27.05,70.67,0.69,1,2,0,2,1
2025-08-23,5,8,2,12.43,23.4,82.23,0.99,0,1,6,3,0
2025-07-31,3,7,2,12.76,23.1,71.94,0.6,2,3,4,3,0
2025-08-24,6,8,2,11.17,28.08,78.5,0.49,0,3,7,2,0
2025-09-01,0,9,2,13.49,26.22,82.83,0.53,3,5,4,4,1
2025-01-05,6,1,0,2.22,28.59,61.7,0.79,0,1,4,2,0
2025-11-04,1,11,2,8.18,21.17,78.61,0.18,1,3,7,3,0
2025-08-14,3,8,2,8.41,31.44,74.74,0.55,2,4,3,1,0
2025-02-18,1,2,0,5.74,30.76,69.0,0.26,1,4,0,3,0
2025-08-06,2,8,2,11.44,30.21,69.16,0.56,4,6,0,1,1
2025-08-22,4,8,2,12.25,21.54,74.09,0.2,1,6,3,4,1
2025-11-23,6,11,2,15.34,25.86,74.38,0.02,2,4,1,3,1
2025-01-28,1,1,0,3.44,30.81,59.69,0.83,2,6,4,4,0
2025-05-05,0,5,1,1.8,28.93,49.73,0.03,0,4,1,3,0
2025-07-09,2,7,2,11.01,29.38,80.14,0.44,3,7,1,4,1
2025-07-27,6,7,2,8.26,24.54,75.91,0.87,0,2,9,1,0
2025-08-26,1,8,2,8.5,25.41,74.79,0.71,3,7,6,2,0
2025-03-10,0,3,1,1.4,34.45,46.57,0.24,5,7,6,3,0
2025-04-29,1,4,1,-1.3,28.75,69.58,0.57,3,7,4,3,0
2025-03-12,2,3,1,2.1,28.36,60.21,0.81,1,4,1,2,0
2025-06-06,4,6,2,11.99,26.53,65.08,0.36,4,4,1,3,1
2025-06-26,3,6,2,11.18,21.09,71.74,0.5,4,7,0,2,1
2025-10-28,1,10,2,11.77,29.35,81.08,0.87,1,5,0,4,1
2025-07-05,5,7,2,13.11,26.02,86.2,0.1,2,3,0,2,1
2025-02-25,1,2,0,4.6,24.55,62.31,0.61,1,2,4,4,0
2025-06-11,2,6,2,11.32,28.67,70.3,0.96,4,7,2,3,1
2025-07-30,2,7,2,7.78,27.64,91.74,0.92,1,3,6,1,0
2025-06-19,3,6,2,11.07,26.78,78.37,0.68,0,3,1,3,0
2025-08-06,2,8,2,13.95,24.09,81.68,0.57,3,3,1,4,1
2025-09-23,1,9,2,12.05,26.06,79.53,0.81,1,7,1,3,1
2025-05-18,6,5,1,5.38,27.95,66.03,0.53,3,3,3,3,0
2025-09-09,1,9,2,10.23,27.34,66.39,0.71,0,4,0,4,1
2025-02-08,5,2,0,3.57,28.23,64.92,0.23,3,4,0,3,0
2025-01-01,2,1,0,1.07,25.35,58.46,0.16,3,4,9,2,0
2025-10-28,1,10,2,11.76,27.39,78.63,0.69,1,4,0,4,1
2025-10-03,4,10,2,10.04,22.09,73.13,0.95,5,11,7,4,0
2025-09-08,0,9,2,12.87,26.38,75.42,0.54,3,6,0,4,1
2025-06-23,0,6,2,10.83,29.58,81.67,0.9,4,7,0,3,1
2025-09-12,4,9,2,11.81,26.18,77.19,0.81,3,3,1,4,1
2025-10-25,5,10,2,7.84,24.59,75.75,0.27,0,2,8,4,0
2025-04-30,2,4,1,4.35,29.6,50.98,0.56,0,4,5,3,0
2025-06-03,1,6,2,8.38,27.73,68.85,0.76,1,3,7,3,0
2025-12-19,4,12,0,6.67,21.56,54.45,0.63,0,6,7,1,0
2025-07-02,2,7,2,10.61,21.87,78.59,0.59,3,5,4,2,0
2025-08-29,4,8,2,13.66,25.73,76.53,0.43,1,3,1,3,1
2025-05-05,0,5,1,8.39,27.15,52.1,0.84,0,5,0,3,0
2025-07-03,3,7,2,8.04,22.04,78.66,0.74,1,2,7,2,0
2025-07-16,2,7,2,12.76,26.15,69.48,0.5,0,5,0,2,1
2025-06-13,4,6,2,9.41,28.15,66.95,0.2,1,3,4,1,0
2025-08-14,3,8,2,6.91,22.99,75.02,0.71,3,7,4,3,0
2025-06-10,1,6,2,11.81,28.82,74.56,0.8,3,4,2,3,1
2025-10-26,6,10,2,13.28,26.51,69.32,0.29,1,3,2,4,1
2025-02-14,4,2,0,2.84,28.98,68.11,0.26,1,4,4,2,0
2025-11-18,1,11,2,12.57,22.31,75.96,0.97,1,5,3,1,1
2025-03-25,1,3,1,-0.18,33.42,64.01,0.68,1,3,2,3,0
2025-11-01,5,11,2,13.24,26.24,76.56,0.86,1,1,4,2,0
2025-08-12,1,8,2,12.56,23.92,73.03,0.75,1,4,2,1,1
2025-03-13,3,3,1,2.63,25.37,62.05,0.89,1,3,7,1,0
2025-05-09,4,5,1,3.82,29.42,56.04,0.21,0,2,9,4,0
2025-08-16,5,8,2,11.74,26.74,85.56,0.03,2,4,0,4,1
2025-02-12,2,2,0,2.81,24.44,66.83,0.94,5,9,9,1,0
2025-07-12,5,7,2,8.18,24.57,78.07,0.17,0,3,1,3,0
2025-04-07,0,4,1,4.32,16.56,60.91,0.37,0,1,1,1,0
2025-06-22,6,6,2,13.39,26.11,71.57,0.7,1,4,1,4,1
2025-08-20,2,8,2,14.01,28.31,77.16,0.21,0,3,1,4,1
2025-05-07,2,5,1,-0.64,29.38,62.64,0.87,3,3,6,3,0
2025-09-22,0,9,2,12.56,28.42,67.85,0.22,4,7,0,4,1
2025-11-02,6,11,2,8.48,21.77,70.91,0.52,2,6,9,1,0
2025-08-15,4,8,2,11.58,27.38,78.73,0.59,2,7,3,2,1
2025-03-21,4,3,1,0.99,36.08,61.96,0.63,2,2,5,1,0
2025-09-06,5,9,2,12.0,27.55,76.15,0.1,1,5,2,2,1
2025-04-05,5,4,1,0.03,25.1,65.24,0.63,2,3,6,3,0
2025-12-20,5,12,0,0.99,23.94,59.46,0.78,2,3,4,4,0
2025-11-04,1,11,2,12.6,23.33,81.91,0.74,1,1,0,1,1
2025-07-07,0,7,2,9.01,23.22,82.76,0.85,3,3,6,3,0
2025-11-20,3,11,2,14.24,24.66,73.13,0.79,2,5,2,3,1
2025-09-03,2,9,2,16.39,24.78,76.76,0.16,1,6,1,4,1
2025-04-08,1,4,1,4.49,27.96,60.4,0.46,1,2,4,1,0
2025-10-14,1,10,2,10.13,24.16,64.46,0.68,2,6,0,4,1
2025-05-03,5,5,1,5.57,26.78,50.81,0.76,1,3,9,3,0
2025-11-21,4,11,2,12.12,31.97,76.96,0.42,2,4,1,1,1
2025-10-03,4,10,2,10.94,23.41,75.55,0.66,2,4,0,4,1
2025-09-07,6,9,2,10.57,22.47,67.04,0.84,4,7,2,4,1
2025-04-26,5,4,1,1.99,28.94,63.83,0.4,2,5,5,4,0
2025-01-16,3,1,0,7.51,27.83,58.81,0.44,1,6,3,2,0
2025-07-18,4,7,2,12.01,21.14,66.01,0.27,2,6,0,1,1
2025-09-26,4,9,2,11.21,28.91,70.11,0.41,1,1,1,2,0
2025-05-01,3,5,1,2.99,33.5,60.02,0.28,0,4,7,3,0
2025-10-04,5,10,2,12.73,25.28,76.08,0.68,2,4,0,2,1
2025-10-22,2,10,2,11.31,24.2,74.91,0.36,2,5,2,1,0
2025-10-21,1,10,2,8.82,25.4,67.13,0.34,2,2,3,4,0
2025-12-02,1,12,0,0.64,27.53,57.94,0.69,2,2,3,4,0
2025-12-01,0,12,0,0.56,27.96,58.11,0.77,0,5,1,2,0
2025-03-25,1,3,1,2.84,29.21,62.81,0.26,1,5,2,4,0
2025-11-21,4,11,2,12.97,25.55,83.88,0.56,1,7,2,4,1
2025-04-15,1,4,1,1.08,27.94,55.77,0.09,1,3,7,1,0
2025-09-02,1,9,2,10.14,27.55,74.57,0.21,3,6,1,1,1
2025-07-04,4,7,2,8.5,23.76,83.34,0.82,0,7,0,2,1
2025-08-24,6,8,2,12.87,19.31,80.86,0.63,1,3,2,4,1
2025-03-07,4,3,1,4.08,26.76,60.1,0.48,1,5,4,4,0
2025-09-24,2,9,2,13.17,26.96,74.0,0.09,3,4,0,1,1
2025-10-01,2,10,2,10.97,19.47,66.08,0.95,1,4,7,2,0
2025-07-09,2,7,2,9.79,30.31,77.59,0.82,3,5,0,3,1
2025-04-05,5,4,1,5.67,33.1,57.5,0.34,4,6,5,3,0
2025-06-18,2,6,2,9.52,27.16,75.86,0.45,0,9,7,4,0
2025-08-29,4,8,2,11.83,25.67,78.72,0.68,2,6,3,3,1
2025-07-12,5,7,2,9.1,24.6,73.35,0.12,2,2,1,2,0
2025-08-03,6,8,2,11.34,25.56,77.17,0.82,2,4,0,4,1
2025-08-25,0,8,2,9.78,29.95,77.55,0.65,0,6,9,4,0
2025-07-27,6,7,2,11.44,25.14,75.85,0.66,4,8,0,1,1
2025-07-25,4,7,2,14.59,28.44,74.04,0.82,1,5,6,1,1
2025-07-05,5,7,2,11.56,23.1,76.31,0.13,1,3,0,4,1
2025-06-02,0,6,2,8.84,28.54,76.01,0.2,2,6,7,1,0
2025-02-22,5,2,0,5.14,20.66,63.98,0.56,1,3,6,3,0
2025-08-26,1,8,2,12.64,26.51,77.22,0.69,2,3,1,1,1
